{
  "ckpt_path": "C:\\DS\\ssl-video-rep\\artifacts\\checkpoints\\mvm_day8_improved_seed1_step5000.pt",
  "probe_lr": 0.001,
  "probe_epochs": 20,
  "seeds": [
    1,
    2,
    3
  ],
  "pre_maps": [
    0.5632950489719709,
    0.5793270145853361,
    0.6384825669229031
  ],
  "rand_maps": [
    0.6164529348413149,
    0.5855342571934065,
    0.6315928461651007
  ],
  "pretrained_mean": 0.5937015434934033,
  "pretrained_std": 0.032334306084014254,
  "random_mean": 0.6111933460666074,
  "random_std": 0.019167609137555313,
  "delta": -0.01749180257320404
}