{
  "ckpt_path": "C:\\DS\\ssl-video-rep\\artifacts\\checkpoints\\mvm_day8_improved_seed1_step3000.pt",
  "probe_lr": 0.0001,
  "probe_epochs": 20,
  "seeds": [
    1,
    2,
    3
  ],
  "pre_maps": [
    0.5919431621829668,
    0.5421846484144529,
    0.5875810608267784
  ],
  "rand_maps": [
    0.643644022444884,
    0.5622361203034719,
    0.630480511734883
  ],
  "pretrained_mean": 0.5739029571413994,
  "pretrained_std": 0.022498819427306728,
  "random_mean": 0.6121202181610795,
  "random_std": 0.035680404686172985,
  "delta": -0.03821726101968015
}