{
  "ckpt_path": "C:\\DS\\ssl-video-rep\\artifacts\\checkpoints\\mvm_day8_improved_seed1_step500.pt",
  "probe_lr": 0.001,
  "probe_epochs": 20,
  "seeds": [
    1,
    2,
    3
  ],
  "pre_maps": [
    0.5747764085729917,
    0.5814270824193954,
    0.6370180460313956
  ],
  "rand_maps": [
    0.6157408456007639,
    0.585905502239863,
    0.6320931104322275
  ],
  "pretrained_mean": 0.5977405123412609,
  "pretrained_std": 0.027905810090822263,
  "random_mean": 0.6112464860909514,
  "random_std": 0.019121946173361885,
  "delta": -0.013505973749690536
}