{
  "ckpt_path": "C:\\DS\\ssl-video-rep\\artifacts\\checkpoints\\mvm_day8_improved_seed1_step3000.pt",
  "probe_lr": 0.001,
  "probe_epochs": 20,
  "seeds": [
    1,
    2,
    3
  ],
  "pre_maps": [
    0.5695643424987793,
    0.5806133846441904,
    0.6386898631850878
  ],
  "rand_maps": [
    0.6157408456007639,
    0.585905502239863,
    0.6320931104322275
  ],
  "pretrained_mean": 0.5962891967760191,
  "pretrained_std": 0.03031922071373876,
  "random_mean": 0.6112464860909514,
  "random_std": 0.019121946173361885,
  "delta": -0.014957289314932343
}