{
  "ckpt_path": "C:\\DS\\ssl-video-rep\\artifacts\\checkpoints\\mvm_day8_improved_seed1_step3000.pt",
  "probe_lr": 0.001,
  "probe_epochs": 20,
  "seeds": [
    1,
    2,
    3
  ],
  "pre_maps": [
    0.5640611623724302,
    0.5806192383170128,
    0.6363994131485621
  ],
  "rand_maps": [
    0.6164529348413149,
    0.5855342571934065,
    0.6315928461651007
  ],
  "pretrained_mean": 0.593693271279335,
  "pretrained_std": 0.03094514915957537,
  "random_mean": 0.6111933460666074,
  "random_std": 0.019167609137555313,
  "delta": -0.017500074787272335
}