{
  "ckpt_path": "C:\\DS\\ssl-video-rep\\artifacts\\checkpoints\\mvm_day8_improved_seed1_step6000.pt",
  "probe_lr": 0.001,
  "probe_epochs": 20,
  "seeds": [
    1,
    2,
    3
  ],
  "pre_maps": [
    0.564380389948686,
    0.5790992801388105,
    0.6383961687485377
  ],
  "rand_maps": [
    0.6164529348413149,
    0.5855342571934065,
    0.6315928461651007
  ],
  "pretrained_mean": 0.5939586129453448,
  "pretrained_std": 0.03199149581194614,
  "random_mean": 0.6111933460666074,
  "random_std": 0.019167609137555313,
  "delta": -0.017234733121262558
}