{
  "ckpt_path": "C:\\DS\\ssl-video-rep\\artifacts\\checkpoints\\mvm_day8_improved_seed1_step4000.pt",
  "probe_lr": 0.001,
  "probe_epochs": 20,
  "seeds": [
    1,
    2,
    3
  ],
  "pre_maps": [
    0.5693432440360388,
    0.5797239020466805,
    0.6395301235218843
  ],
  "rand_maps": [
    0.6157408456007639,
    0.585905502239863,
    0.6320931104322275
  ],
  "pretrained_mean": 0.5961990898682012,
  "pretrained_std": 0.03093135812629788,
  "random_mean": 0.6112464860909514,
  "random_std": 0.019121946173361885,
  "delta": -0.015047396222750198
}