{
  "ckpt_path": "C:\\DS\\ssl-video-rep\\artifacts\\checkpoints\\mvm_day8_improved_seed1_step3000.pt",
  "probe_lr": 0.0003,
  "probe_epochs": 20,
  "seeds": [
    1,
    2,
    3
  ],
  "pre_maps": [
    0.5849737996856371,
    0.5710416734218597,
    0.6210486230750879
  ],
  "rand_maps": [
    0.6227017715573311,
    0.574710118273894,
    0.6331125733753046
  ],
  "pretrained_mean": 0.5923546987275282,
  "pretrained_std": 0.021071813818543894,
  "random_mean": 0.6101748210688432,
  "random_std": 0.0254349504537076,
  "delta": -0.017820122341315026
}